{"random": [0.00026840550162887666, 0.0021359844995458843, 0.024033789000895922, 0.15479044249877916], "nearly_sorted": [8.462650293949991e-05, 0.0007240389986691298, 0.007328503499593353, 0.08100063399979263], "many_duplicates": [2.8313999791862443e-05, 0.0002137354986189166, 0.002062437501081149, 0.020651035500122816], "reverse_sorted": [7.542850107711274e-05, 0.000835500999528449, 0.007528563999585458, 0.07493065100061358]}