{"random": [0.00022595003247261047, 0.0026895998744294047, 0.023560349945910275, 0.2569194999523461], "nearly_sorted": [0.00010490010026842356, 0.001057600136846304, 0.011199250002391636, 0.11205579992383718], "many_duplicates": [4.015001468360424e-05, 0.00033294991590082645, 0.003075400018133223, 0.0317849499406293], "reverse_sorted": [9.64500941336155e-05, 0.0010512000881135464, 0.011544900014996529, 0.10880535002797842]}