{"random": [0.001385964000292006, 0.06577527799890959, 6.554591198000708, 593.3346956090008], "nearly_sorted": [7.220000043162145e-05, 0.0030622489994129864, 0.2680874870002299, 29.45045550099894], "many_duplicates": [0.0004220099999656668, 0.05102928000087559, 5.468576409000889, 610.3916929110001], "reverse_sorted": [0.001261434999833, 0.11461985700043442, 12.245342084001095, 1258.4784681689998]}