{"random": [0.0002013670000451384, 0.003310944500299229, 0.03992105050019745, 0.49896729299962317], "nearly_sorted": [0.0002739455012488179, 0.004488079000111611, 0.04289712450008665, 0.5529406519999611], "many_duplicates": [0.00019919199985451996, 0.004092510999726073, 0.04129896750055195, 0.5268729179997536], "reverse_sorted": [0.0001887975004137843, 0.0027454700011730893, 0.03456225700028881, 0.4536956239999199]}