{"random": [0.00020382000002427958, 0.005120118499689852, 0.04411876250014757, 0.5735594500001753], "nearly_sorted": [0.00018967550022352953, 0.003683563999402395, 0.044412414499674924, 0.5866034430009677], "many_duplicates": [0.00037769849950564094, 0.008428475500295463, 0.1948905899998863, 5.896262166500492], "reverse_sorted": [0.00018804400042427005, 0.0030045454996070475, 0.04169582000031369, 0.5052106820003246]}