{"random": [0.0003598500043153763, 0.0058351499028503895, 0.05972305010072887, 0.7453817500500008], "nearly_sorted": [0.00034915003925561905, 0.004682749975472689, 0.06045655009802431, 0.732451600022614], "many_duplicates": [0.00031239993404597044, 0.002542099915444851, 0.03303580009378493, 0.34963940002489835], "reverse_sorted": [0.0003048001090064645, 0.004334350000135601, 0.05924695008434355, 0.728441350045614]}