{"random": [0.000239246499404544, 0.004179711000688258, 0.0393192445008026, 0.4955962074982381], "nearly_sorted": [0.00026350499865657184, 0.003722714000105043, 0.03892611549963476, 0.4834723234998819], "many_duplicates": [0.00024087399833661038, 0.0016119695010274881, 0.02270473899989156, 0.23414746599883074], "reverse_sorted": [0.00022198099759407341, 0.003111039999566856, 0.039834309498473885, 0.4700453914992977]}