{"random": [0.0007122989991330542, 0.08120416100064176, 8.123087980999117, 695.619112194001], "nearly_sorted": [0.0006171130007714964, 0.06891966500006674, 7.001574335999976, 688.8370858229991], "many_duplicates": [0.0009703929990791949, 0.069695579000836, 9.991333861000385, 793.4933928940009], "reverse_sorted": [0.0005877900002815295, 0.09795690000100876, 8.043216132999078, 795.4259987090009]}