{"random": [0.00045139399935578695, 0.0021597410004687845, 0.017706005000036384, 0.1846617149994927], "nearly_sorted": [0.00012582799990923377, 0.0007106000002750079, 0.008719198999642686, 0.09032683900022676], "many_duplicates": [6.869700064271456e-05, 0.0002376689999437076, 0.0020295370004532742, 0.021493021999958728], "reverse_sorted": [0.00010318700060452102, 0.0007074619998093112, 0.0071778109995648265, 0.0728450349997729]}