{"random": [0.00018785500033118295, 0.001889908599696355, 0.018329337599425344, 0.16182318479986862], "nearly_sorted": [7.679899972572457e-05, 0.0007164624003053177, 0.007195051400049124, 0.07386521679982253], "many_duplicates": [4.59154001873685e-05, 0.00025878940032271204, 0.0021385628002462908, 0.024316141999952377], "reverse_sorted": [0.00011012459981429856, 0.0008828340000036405, 0.011668103600459289, 0.07320801140012918]}