{"random": [0.005268380000416073, 0.06410083199989458, 6.705515350000496, 688.3924565010002], "nearly_sorted": [0.0006827150009485194, 0.0035681000008480623, 0.3067213670001365, 37.46195446999991], "many_duplicates": [0.000484800000776886, 0.06697179799994046, 6.671254347000286, 639.7084723150001], "reverse_sorted": [0.0010522739994485164, 0.11076997499912977, 14.136428176001573, 1302.3694552179986]}