{"random": [0.0003829699984635226, 0.005726689999573864, 0.08020402999827639, 1.0431369299985818], "nearly_sorted": [0.00040708999877097084, 0.005745280001428909, 0.07618899999943096, 0.9844444599977578], "many_duplicates": [0.00041840999911073594, 0.005758140003308654, 0.08003853000118397, 1.4480445599998348], "reverse_sorted": [0.00031517000170424583, 0.00464710000087507, 0.1666132899990771, 2.475386030001391]}