{"random": [0.00022270000772550702, 0.0029024999967077747, 0.04142295000201557, 0.5188117500001681], "nearly_sorted": [0.00020899999071843922, 0.0030462000067927875, 0.04060570000001462, 0.506347900009132], "many_duplicates": [0.00022075000015320256, 0.0031616999985999428, 0.0423589499987429, 0.5344183499983046], "reverse_sorted": [0.000207500001124572, 0.0028806500049540773, 0.03887659999600146, 0.46915504999196855]}