{"random": [0.00032495559971721375, 0.003855692600336624, 0.05491156299976865, 0.6577842798000347], "nearly_sorted": [0.00024916160036809744, 0.004929337399880751, 0.04820188979974773, 0.5085705507990497], "many_duplicates": [0.00019634140007838142, 0.0035441396004898705, 0.04410696659942914, 0.512890633799907], "reverse_sorted": [0.00017340100021101534, 0.002623954400041839, 0.036353693199998816, 0.48432633960001115]}