{"random": [0.00021284800004650606, 0.003636344000369718, 0.04910296800062497, 0.48347076900063257], "nearly_sorted": [0.00018194800031778868, 0.0026555620006547542, 0.036213047000273946, 0.48727468499964743], "many_duplicates": [0.00019277699993835995, 0.0029037909998805844, 0.03825536299973464, 0.5092109370007165], "reverse_sorted": [0.0003210459999536397, 0.004453382999599853, 0.042861099999754515, 0.45271111900001415]}