{"random": [0.001947699996526353, 0.014864659999147989, 0.21395035999885295, 2.5964024799963226], "nearly_sorted": [0.0008761000004597008, 0.01388734000211116, 0.17971293999871704, 2.574265259999083], "many_duplicates": [0.0009410200000274926, 0.016523399998550303, 0.20546486000530423, 2.700593079996179], "reverse_sorted": [0.001137120003113523, 0.014321760000893847, 0.20355451999930665, 2.4930772200023057]}