{"random": [0.000556500002858229, 0.008006899995962158, 0.08432247999880929, 1.6889672800025437], "nearly_sorted": [0.0015811999968718738, 0.013914139999542385, 0.08380328000639566, 1.0261611599999014], "many_duplicates": [0.000347140000667423, 0.005629000000772067, 0.08129597999795805, 1.0761106600024504], "reverse_sorted": [0.0003635000000940636, 0.004889599999296479, 0.07704658000147901, 0.954782440001145]}