{"random": [0.0002356000040890649, 0.0030305999898700975, 0.04111134999402566, 0.5217336499990779], "nearly_sorted": [0.0002147999985027127, 0.0030058500051381998, 0.04023099999903934, 0.513145449993317], "many_duplicates": [0.0002162000018870458, 0.0031119999985094182, 0.04242789999989327, 0.529917400010163], "reverse_sorted": [0.0002008500014198944, 0.0028162000016891398, 0.039101849994040094, 0.4926810500037391]}