{"random": [0.0003660399990621954, 0.005238919999101199, 0.0875006599992048, 0.9983420199947431], "nearly_sorted": [0.00045008000452071426, 0.006531959999119863, 0.07996896000113338, 1.0078749600041192], "many_duplicates": [0.0005932400003075599, 0.013190579999354668, 0.367010980003397, 10.704515600000741], "reverse_sorted": [0.0003588199993828312, 0.005980519999866374, 0.07812622000055854, 0.93626660000009]}