{"random": [0.0014221700024791063, 0.01648243999952683, 0.2225871400005417, 2.7923021399969], "nearly_sorted": [0.0009945999991032295, 0.01748226000054274, 0.2633886700030416, 2.866231349999725], "many_duplicates": [0.0016731599971535616, 0.03915790999890305, 1.0185260499987634, 19.818382930001825], "reverse_sorted": [0.00036118000134592875, 0.005901280000398401, 0.16621788999909767, 2.863693249996868]}