{"random": [0.0003227499983040616, 0.003147650000755675, 0.04247435000434052, 0.5287674999999581], "nearly_sorted": [0.00020570000197039917, 0.003172749995428603, 0.04342334999819286, 0.5137166000058642], "many_duplicates": [0.00032110000029206276, 0.007214749995910097, 0.18339764999836916, 5.549237899998843], "reverse_sorted": [0.00020375000167405233, 0.0031564499950036407, 0.042513600004895125, 0.5224958500039065]}