{"random": [0.00022050000552553684, 0.003078849993471522, 0.042499600000155624, 0.5337724499986507], "nearly_sorted": [0.00019255000370321795, 0.0031601000082446262, 0.04223030000139261, 0.5391077499953099], "many_duplicates": [0.0003081499962718226, 0.0073696499966899864, 0.19109794999531005, 5.410270200001833], "reverse_sorted": [0.00020215000404277816, 0.0032155500011867844, 0.04300220000004629, 0.5220151500034262]}