{"random": [0.0016543200035812333, 0.01629191999672912, 0.21686809999810067, 2.7208655199996428], "nearly_sorted": [0.0009247800015145912, 0.016531860001850873, 0.22269716000009793, 2.7385672000033083], "many_duplicates": [0.0014886599965393543, 0.03575950000085868, 1.1345338999992236, 30.58361292000336], "reverse_sorted": [0.0009273600007873029, 0.016545020003104583, 0.2301158799993573, 2.985226500002318]}