{"random": [0.0011881199998242664, 0.09090953299983084, 8.985090725000191, 727.9179307920003], "nearly_sorted": [0.0006918080007380922, 0.06744879200050491, 6.460445919999984, 732.5621959139999], "many_duplicates": [0.0006582579999303562, 0.06643633100065927, 7.886657166999612, 813.8478756260001], "reverse_sorted": [0.0017851000002337969, 0.14271460999952978, 8.720222801999626, 771.5705267559988]}